timestamp,true_label,predicted_label
1748735880,0,0
1748736000,0,0
1748736120,0,0
1748736240,0,0
1748736360,0,0
1748736480,0,0
1748736600,0,0
1748736720,0,0
1748736840,0,0
1748736960,0,0
1748737080,0,0
1748737200,0,0
1748737320,0,0
1748737440,0,0
1748737560,0,0
1748737680,0,0
1748737800,0,0
1748737920,0,0
1748738040,0,0
1748738160,0,0
1748738280,0,0
1748738400,0,0
1748738520,0,0
1748738640,0,0
1748738760,0,0
1748738880,0,0
1748739000,0,0
1748739120,0,0
1748739240,0,0
1748739360,0,0
1748739480,0,0
1748739600,0,0
1748739720,0,0
1748739840,0,0
1748739960,0,0
1748740080,0,0
1748740200,0,0
1748740320,0,0
1748740440,0,0
1748740560,0,0
1748740680,0,0
1748740800,0,0
1748740920,0,0
1748741040,0,0
1748741160,0,0
1748741280,0,0
1748741400,0,0
1748741520,0,0
1748741640,0,0
1748741760,0,0
1748741880,0,0
1748742000,0,0
1748742120,0,0
1748742240,0,0
1748742360,0,0
1748742480,0,0
1748742600,0,0
1748742720,0,0
1748742840,0,0
1748742960,0,0
1748743080,0,0
1748743200,0,0
1748743320,0,0
1748743440,0,0
1748743560,0,0
1748743680,0,0
1748743800,0,0
1748743920,0,0
1748744040,0,0
1748744160,0,0
1748744280,0,0
1748744400,0,0
1748744520,0,0
1748744640,0,0
1748744760,0,0
1748744880,0,0
1748745000,0,0
1748745120,0,0
1748745240,0,0
1748745360,0,0
1748745480,0,0
1748745600,0,0
1748745720,0,0
1748745840,0,0
1748745960,0,0
1748746080,0,0
1748746200,0,0
1748746320,0,0
1748746440,0,0
1748746560,0,0
1748746680,0,0
1748746800,0,0
1748746920,0,0
1748747040,0,0
1748747160,0,0
1748747280,0,0
1748747400,0,0
1748747520,0,0
1748747640,0,0
1748747760,0,0
1748747880,0,0
1748748000,0,0
1748748120,0,0
1748748240,0,0
1748748360,0,0
1748748480,0,0
1748748600,0,0
1748748720,0,0
1748748840,0,0
1748748960,0,0
1748749080,0,1
1748749200,0,0
1748749320,0,0
1748749440,0,0
1748749560,0,0
1748749680,0,0
1748749800,0,0
1748749920,0,0
1748750040,0,0
1748750160,0,0
1748750280,0,0
1748750400,0,0
1748750520,0,0
1748750640,0,0
1748750760,0,0
1748750880,0,0
1748751000,0,0
1748751120,0,0
1748751240,0,0
1748751360,0,0
1748751480,0,0
1748751600,0,0
1748751720,0,0
1748751840,0,0
1748751960,0,0
1748752080,0,0
1748752200,0,0
1748752320,0,0
1748752440,0,0
1748752560,0,0
1748752680,0,0
1748752800,0,0
1748752920,0,0
1748753040,0,0
1748753160,0,0
1748753280,0,0
1748753400,0,0
1748753520,0,0
1748753640,0,0
1748753760,0,0
1748753880,0,0
1748754000,0,0
1748754120,0,0
1748754240,0,0
1748754360,0,0
1748754480,0,0
1748754600,0,0
1748754720,0,0
1748754840,0,0
1748754960,0,0
1748755080,0,0
1748755200,0,0
1748755320,0,0
1748755440,0,0
1748755560,0,0
1748755680,0,0
1748755800,0,0
1748755920,0,0
1748756040,0,0
1748756160,0,0
1748756280,0,0
1748756400,0,0
1748756520,0,0
1748756640,0,0
1748756760,0,0
1748756880,0,0
1748757000,0,0
1748757120,0,0
1748757240,0,0
1748757360,0,0
1748757480,0,0
1748757600,0,0
1748757720,0,0
1748757840,0,0
1748757960,0,0
1748758080,0,0
1748758200,0,0
1748758320,0,0
1748758440,0,0
1748758560,0,0
1748758680,0,0
1748758800,0,0
1748758920,0,0
1748759040,0,0
1748759160,0,0
1748759280,0,0
1748759400,0,0
1748759520,0,0
1748759640,1,1
1748759760,1,1
1748759880,1,1
1748760000,1,1
1748760120,1,1
1748760240,0,0
1748760360,0,0
1748760480,0,0
1748760600,0,0
1748760720,0,0
1748760840,0,0
1748760960,0,0
1748761080,0,0
1748761200,0,0
1748761320,0,0
1748761440,0,0
1748761560,0,0
1748761680,0,0
1748761800,0,0
1748761920,1,1
1748762040,1,1
1748762160,1,1
1748762280,1,1
1748762400,1,1
1748762520,0,0
1748762640,0,0
1748762760,0,0
1748762880,0,0
1748763000,0,0
1748763120,0,0
1748763240,0,0
1748763360,0,0
1748763480,0,0
1748763600,0,0
1748763720,0,0
1748763840,0,0
1748763960,0,0
1748764080,0,0
1748764200,0,0
1748764320,0,0
1748764440,0,0
1748764560,0,0
1748764680,0,0
1748764800,0,0
1748764920,0,0
1748765040,0,0
1748765160,0,0
1748765280,0,0
1748765400,0,0
1748765520,0,0
1748765640,0,0
1748765760,0,0
1748765880,0,0
1748766000,1,1
1748766120,1,1
1748766240,1,1
1748766360,1,1
1748766480,1,1
1748766600,0,0
1748766720,0,0
1748766840,0,0
1748766960,0,0
1748767080,0,0
1748767200,0,0
1748767320,0,0
1748767440,0,0
1748767560,0,0
1748767680,0,0
